<?xml version="1.0" encoding="utf-8"?>
<manifest xmlns:android="http://schemas.android.com/apk/res/android"
    package="com.domain17.glflight"
    android:versionCode="00091102"
    android:versionName="0.9.11.2" >

    <uses-sdk
        android:minSdkVersion="22"
        android:targetSdkVersion="22" />

    <application locale="en_US"
        android:allowBackup="false"
        android:persistent="false"
        android:icon="@drawable/ic_launcher"
        android:label="@string/app_name"
        android:theme="@style/AppTheme" >
        <activity
            android:name="com.domain17.glflight.FullscreenActivity"
            android:configChanges="keyboardHidden|screenSize"
            android:screenOrientation="landscape"
            android:label="@string/app_name"
            android:theme="@style/FullscreenTheme" 
            android:finishOnTaskLaunch="true" >
            <intent-filter>
                <action android:name="android.intent.action.MAIN" />

                <category android:name="android.intent.category.LAUNCHER" />
            </intent-filter>
        </activity>
    </application>

    <uses-permission android:name="android.permission.READ_EXTERNAL_STORAGE" />
    <uses-permission android:name="android.permission.WRITE_EXTERNAL_STORAGE" />
    <uses-permission android:name="android.permission.ACCESS_NETWORK_STATE" />
    <uses-permission android:name="android.permission.INTERNET" />
    <uses-permission android:name="android.permission.CHANGE_WIFI_MULTICAST_STATE" />
    
</manifest>
